x,sin{thickness:1;stroke:green},line{thickness:2;stroke:cyan},cos{thickness:1.5;stroke:brown}
-13700000000,0,-1,1
-13686286286.2863,0.0314107590781283,-0.998,0.999506560365732
-13672572572.5726,0.0627905195293134,-0.996,0.998026728428272
-13658858858.8589,0.0941083133185143,-0.994,0.99556196460308
-13645145145.1451,0.125333233564304,-0.992,0.992114701314478
-13631431431.4314,0.156434465040231,-0.99,0.987688340595138
-13617717717.7177,0.187381314585725,-0.988,0.982287250728689
-13604004004.004,0.218143241396543,-0.986,0.975916761938747
-13590290290.2903,0.248689887164855,-0.984,0.968583161128631
-13576576576.5766,0.278991106039229,-0.982,0.960293685676943
-13562862862.8629,0.309016994374947,-0.98,0.951056516295154
-13549149149.1491,0.338737920245291,-0.978,0.940880768954225
-13535435435.4354,0.368124552684678,-0.976,0.929776485888251
-13521721721.7217,0.397147890634781,-0.974,0.917754625683981
-13508008008.008,0.425779291565073,-0.972,0.90482705246602
-13494294294.2943,0.453990499739547,-0.97,0.891006524188368
-13480580580.5806,0.481753674101715,-0.968,0.876306680043864
-13466866866.8669,0.509041415750371,-0.966,0.860742027003944
-13453153153.1532,0.535826794978997,-0.964,0.844327925502015
-13439439439.4394,0.562083377852131,-0.962,0.827080574274562
-13425725725.7257,0.587785252292473,-0.96,0.809016994374947
-13412012012.012,0.612907053652976,-0.958,0.79015501237569
-13398298298.2983,0.63742398974869,-0.956,0.770513242775789
-13384584584.5846,0.661311865323652,-0.954,0.75011106963046
-13370870870.8709,0.684547105928689,-0.952,0.728968627421412
-13357157157.1572,0.707106781186547,-0.95,0.707106781186548
-13343443443.4434,0.728968627421411,-0.948,0.684547105928689
-13329729729.7297,0.750111069630459,-0.946,0.661311865323652
-13316016016.016,0.770513242775789,-0.944,0.63742398974869
-13302302302.3023,0.79015501237569,-0.942,0.612907053652977
-13288588588.5886,0.809016994374947,-0.94,0.587785252292473
-13274874874.8749,0.827080574274562,-0.938,0.562083377852131
-13261161161.1612,0.844327925502015,-0.936,0.535826794978997
-13247447447.4474,0.860742027003944,-0.934,0.509041415750371
-13233733733.7337,0.876306680043864,-0.932,0.481753674101715
-13220020020.02,0.891006524188368,-0.93,0.453990499739547
-13206306306.3063,0.90482705246602,-0.928,0.425779291565073
-13192592592.5926,0.917754625683981,-0.926,0.397147890634781
-13178878878.8789,0.929776485888251,-0.924,0.368124552684678
-13165165165.1652,0.940880768954225,-0.922,0.338737920245291
-13151451451.4515,0.951056516295154,-0.92,0.309016994374947
-13137737737.7377,0.960293685676943,-0.918,0.278991106039229
-13124024024.024,0.968583161128631,-0.916,0.248689887164855
-13110310310.3103,0.975916761938747,-0.914,0.218143241396543
-13096596596.5966,0.982287250728689,-0.912,0.187381314585725
-13082882882.8829,0.987688340595138,-0.91,0.156434465040231
-13069169169.1692,0.992114701314478,-0.908,0.125333233564304
-13055455455.4555,0.99556196460308,-0.906,0.0941083133185143
-13041741741.7417,0.998026728428272,-0.904,0.0627905195293135
-13028028028.028,0.999506560365732,-0.902,0.0314107590781284
-13014314314.3143,1,-0.9,6.12303176911189E-17
-13000600600.6006,0.999506560365732,-0.898,-0.0314107590781283
-12986886886.8869,0.998026728428272,-0.896,-0.0627905195293132
-12973173173.1732,0.99556196460308,-0.894,-0.0941083133185144
-12959459459.4595,0.992114701314478,-0.892,-0.125333233564304
-12945745745.7457,0.987688340595138,-0.89,-0.156434465040231
-12932032032.032,0.982287250728689,-0.888,-0.187381314585725
-12918318318.3183,0.975916761938747,-0.886,-0.218143241396543
-12904604604.6046,0.968583161128631,-0.884,-0.248689887164855
-12890890890.8909,0.960293685676943,-0.882,-0.278991106039229
-12877177177.1772,0.951056516295154,-0.88,-0.309016994374947
-12863463463.4635,0.940880768954225,-0.878,-0.338737920245291
-12849749749.7498,0.929776485888251,-0.876,-0.368124552684678
-12836036036.036,0.917754625683981,-0.874,-0.397147890634781
-12822322322.3223,0.904827052466019,-0.872,-0.425779291565073
-12808608608.6086,0.891006524188368,-0.87,-0.453990499739547
-12794894894.8949,0.876306680043864,-0.868,-0.481753674101715
-12781181181.1812,0.860742027003944,-0.866,-0.509041415750371
-12767467467.4675,0.844327925502015,-0.864,-0.535826794978996
-12753753753.7538,0.827080574274562,-0.862,-0.562083377852131
-12740040040.04,0.809016994374947,-0.86,-0.587785252292473
-12726326326.3263,0.790155012375691,-0.858,-0.612907053652976
-12712612612.6126,0.770513242775789,-0.856,-0.63742398974869
-12698898898.8989,0.750111069630459,-0.854,-0.661311865323652
-12685185185.1852,0.728968627421412,-0.852,-0.684547105928688
-12671471471.4715,0.707106781186548,-0.85,-0.707106781186547
-12657757757.7578,0.684547105928689,-0.848,-0.728968627421412
-12644044044.044,0.661311865323652,-0.846,-0.75011106963046
-12630330330.3303,0.63742398974869,-0.844,-0.770513242775789
-12616616616.6166,0.612907053652976,-0.842,-0.79015501237569
-12602902902.9029,0.587785252292473,-0.84,-0.809016994374947
-12589189189.1892,0.562083377852131,-0.838,-0.827080574274562
-12575475475.4755,0.535826794978997,-0.836,-0.844327925502015
-12561761761.7618,0.509041415750371,-0.834,-0.860742027003944
-12548048048.048,0.481753674101715,-0.832,-0.876306680043864
-12534334334.3343,0.453990499739547,-0.83,-0.891006524188368
-12520620620.6206,0.425779291565073,-0.828,-0.904827052466019
-12506906906.9069,0.397147890634781,-0.826,-0.917754625683981
-12493193193.1932,0.368124552684678,-0.824,-0.929776485888251
-12479479479.4795,0.338737920245292,-0.822,-0.940880768954225
-12465765765.7658,0.309016994374948,-0.82,-0.951056516295154
-12452052052.0521,0.278991106039229,-0.818,-0.960293685676943
-12438338338.3383,0.248689887164855,-0.816,-0.968583161128631
-12424624624.6246,0.218143241396543,-0.814,-0.975916761938747
-12410910910.9109,0.187381314585725,-0.812,-0.982287250728689
-12397197197.1972,0.156434465040231,-0.81,-0.987688340595138
-12383483483.4835,0.125333233564305,-0.808,-0.992114701314478
-12369769769.7698,0.0941083133185144,-0.806,-0.99556196460308
-12356056056.0561,0.0627905195293136,-0.804,-0.998026728428272
-12342342342.3423,0.0314107590781282,-0.802,-0.999506560365732
-12328628628.6286,1.22460635382238E-16,-0.8,-1
-12314914914.9149,-0.031410759078128,-0.798,-0.999506560365732
-12301201201.2012,-0.0627905195293133,-0.796,-0.998026728428272
-12287487487.4875,-0.0941083133185145,-0.794,-0.99556196460308
-12273773773.7738,-0.125333233564304,-0.792,-0.992114701314478
-12260060060.0601,-0.156434465040231,-0.79,-0.987688340595138
-12246346346.3463,-0.187381314585725,-0.788,-0.982287250728689
-12232632632.6326,-0.218143241396543,-0.786,-0.975916761938747
-12218918918.9189,-0.248689887164855,-0.784,-0.968583161128631
-12205205205.2052,-0.278991106039229,-0.782,-0.960293685676943
-12191491491.4915,-0.309016994374947,-0.78,-0.951056516295154
-12177777777.7778,-0.338737920245291,-0.778,-0.940880768954225
-12164064064.0641,-0.368124552684678,-0.776,-0.929776485888251
-12150350350.3503,-0.39714789063478,-0.774,-0.917754625683981
-12136636636.6366,-0.425779291565073,-0.772,-0.904827052466019
-12122922922.9229,-0.453990499739547,-0.77,-0.891006524188368
-12109209209.2092,-0.481753674101715,-0.768,-0.876306680043864
-12095495495.4955,-0.509041415750371,-0.766,-0.860742027003944
-12081781781.7818,-0.535826794978997,-0.764,-0.844327925502015
-12068068068.0681,-0.56208337785213,-0.762,-0.827080574274562
-12054354354.3544,-0.587785252292473,-0.76,-0.809016994374948
-12040640640.6406,-0.612907053652977,-0.758,-0.79015501237569
-12026926926.9269,-0.63742398974869,-0.756,-0.770513242775789
-12013213213.2132,-0.661311865323652,-0.754,-0.75011106963046
-11999499499.4995,-0.684547105928689,-0.752,-0.728968627421412
-11985785785.7858,-0.707106781186547,-0.75,-0.707106781186548
-11972072072.0721,-0.728968627421412,-0.748,-0.684547105928689
-11958358358.3584,-0.750111069630459,-0.746,-0.661311865323652
-11944644644.6446,-0.770513242775789,-0.744,-0.63742398974869
-11930930930.9309,-0.79015501237569,-0.742,-0.612907053652976
-11917217217.2172,-0.809016994374947,-0.74,-0.587785252292473
-11903503503.5035,-0.827080574274562,-0.738,-0.562083377852131
-11889789789.7898,-0.844327925502015,-0.736,-0.535826794978997
-11876076076.0761,-0.860742027003944,-0.734,-0.509041415750371
-11862362362.3624,-0.876306680043864,-0.732,-0.481753674101715
-11848648648.6486,-0.891006524188368,-0.73,-0.453990499739547
-11834934934.9349,-0.904827052466019,-0.728,-0.425779291565073
-11821221221.2212,-0.917754625683981,-0.726,-0.397147890634781
-11807507507.5075,-0.929776485888251,-0.724,-0.368124552684678
-11793793793.7938,-0.940880768954225,-0.722,-0.338737920245291
-11780080080.0801,-0.951056516295154,-0.72,-0.309016994374948
-11766366366.3664,-0.960293685676943,-0.718,-0.27899110603923
-11752652652.6527,-0.968583161128631,-0.716,-0.248689887164855
-11738938938.9389,-0.975916761938747,-0.714,-0.218143241396542
-11725225225.2252,-0.982287250728689,-0.712,-0.187381314585725
-11711511511.5115,-0.987688340595138,-0.71,-0.156434465040231
-11697797797.7978,-0.992114701314478,-0.708,-0.125333233564304
-11684084084.0841,-0.99556196460308,-0.706,-0.0941083133185149
-11670370370.3704,-0.998026728428272,-0.704,-0.0627905195293141
-11656656656.6567,-0.999506560365732,-0.702,-0.0314107590781283
-11642942942.9429,-1,-0.7,-1.83690953073357E-16
-11629229229.2292,-0.999506560365732,-0.698,0.0314107590781279
-11615515515.5155,-0.998026728428272,-0.696,0.0627905195293137
-11601801801.8018,-0.99556196460308,-0.694,0.0941083133185136
-11588088088.0881,-0.992114701314478,-0.692,0.125333233564304
-11574374374.3744,-0.987688340595138,-0.69,0.156434465040231
-11560660660.6607,-0.982287250728689,-0.688,0.187381314585724
-11546946946.9469,-0.975916761938747,-0.686,0.218143241396543
-11533233233.2332,-0.968583161128631,-0.684,0.248689887164855
-11519519519.5195,-0.960293685676943,-0.682,0.278991106039228
-11505805805.8058,-0.951056516295154,-0.68,0.309016994374947
-11492092092.0921,-0.940880768954226,-0.678,0.338737920245291
-11478378378.3784,-0.929776485888252,-0.676,0.368124552684677
-11464664664.6647,-0.917754625683981,-0.674,0.397147890634781
-11450950950.951,-0.90482705246602,-0.672,0.425779291565073
-11437237237.2372,-0.891006524188368,-0.67,0.453990499739547
-11423523523.5235,-0.876306680043864,-0.668,0.481753674101715
-11409809809.8098,-0.860742027003944,-0.666,0.509041415750371
-11396096096.0961,-0.844327925502015,-0.664,0.535826794978997
-11382382382.3824,-0.827080574274562,-0.662,0.562083377852131
-11368668668.6687,-0.809016994374948,-0.66,0.587785252292473
-11354954954.955,-0.790155012375691,-0.658,0.612907053652976
-11341241241.2412,-0.77051324277579,-0.656,0.637423989748689
-11327527527.5275,-0.750111069630459,-0.654,0.661311865323652
-11313813813.8138,-0.728968627421412,-0.652,0.684547105928689
-11300100100.1001,-0.707106781186548,-0.65,0.707106781186547
-11286386386.3864,-0.684547105928688,-0.648,0.728968627421412
-11272672672.6727,-0.661311865323652,-0.646,0.750111069630459
-11258958958.959,-0.63742398974869,-0.644,0.770513242775789
-11245245245.2452,-0.612907053652976,-0.642,0.79015501237569
-11231531531.5315,-0.587785252292473,-0.64,0.809016994374947
-11217817817.8178,-0.562083377852131,-0.638,0.827080574274562
-11204104104.1041,-0.535826794978996,-0.636,0.844327925502015
-11190390390.3904,-0.509041415750372,-0.634,0.860742027003943
-11176676676.6767,-0.481753674101715,-0.632,0.876306680043864
-11162962962.963,-0.453990499739547,-0.63,0.891006524188368
-11149249249.2492,-0.425779291565073,-0.628,0.904827052466019
-11135535535.5355,-0.39714789063478,-0.626,0.917754625683981
-11121821821.8218,-0.368124552684678,-0.624,0.929776485888251
-11108108108.1081,-0.338737920245292,-0.622,0.940880768954225
-11094394394.3944,-0.309016994374948,-0.62,0.951056516295154
-11080680680.6807,-0.27899110603923,-0.618,0.960293685676943
-11066966966.967,-0.248689887164855,-0.616,0.968583161128631
-11053253253.2533,-0.218143241396542,-0.614,0.975916761938747
-11039539539.5395,-0.187381314585725,-0.612,0.982287250728689
-11025825825.8258,-0.156434465040231,-0.61,0.987688340595138
-11012112112.1121,-0.125333233564305,-0.608,0.992114701314478
-10998398398.3984,-0.0941083133185149,-0.606,0.99556196460308
-10984684684.6847,-0.0627905195293133,-0.604,0.998026728428272
-10970970970.971,-0.0314107590781284,-0.602,0.999506560365732
-10957257257.2573,-2.44921270764475E-16,-0.6,1
-10943543543.5435,0.0314107590781279,-0.598,0.999506560365732
-10929829829.8298,0.0627905195293128,-0.596,0.998026728428272
-10916116116.1161,0.0941083133185144,-0.594,0.99556196460308
-10902402402.4024,0.125333233564304,-0.592,0.992114701314478
-10888688688.6887,0.156434465040231,-0.59,0.987688340595138
-10874974974.975,0.187381314585725,-0.588,0.982287250728689
-10861261261.2613,0.218143241396542,-0.586,0.975916761938748
-10847547547.5475,0.248689887164854,-0.584,0.968583161128631
-10833833833.8338,0.278991106039229,-0.582,0.960293685676943
-10820120120.1201,0.309016994374947,-0.58,0.951056516295154
-10806406406.4064,0.338737920245291,-0.578,0.940880768954226
-10792692692.6927,0.368124552684678,-0.576,0.929776485888251
-10778978978.979,0.39714789063478,-0.574,0.917754625683981
-10765265265.2653,0.425779291565073,-0.572,0.90482705246602
-10751551551.5516,0.453990499739547,-0.57,0.891006524188368
-10737837837.8378,0.481753674101715,-0.568,0.876306680043864
-10724124124.1241,0.509041415750372,-0.566,0.860742027003944
-10710410410.4104,0.535826794978997,-0.564,0.844327925502015
-10696696696.6967,0.56208337785213,-0.562,0.827080574274562
-10682982982.983,0.587785252292473,-0.56,0.809016994374948
-10669269269.2693,0.612907053652976,-0.558,0.790155012375691
-10655555555.5556,0.63742398974869,-0.556,0.770513242775789
-10641841841.8418,0.661311865323652,-0.554,0.750111069630459
-10628128128.1281,0.684547105928689,-0.552,0.728968627421412
-10614414414.4144,0.707106781186547,-0.55,0.707106781186548
-10600700700.7007,0.728968627421411,-0.548,0.684547105928689
-10586986986.987,0.750111069630459,-0.546,0.661311865323652
-10573273273.2733,0.770513242775789,-0.544,0.63742398974869
-10559559559.5596,0.79015501237569,-0.542,0.612907053652977
-10545845845.8458,0.809016994374947,-0.54,0.587785252292473
-10532132132.1321,0.827080574274562,-0.538,0.562083377852131
-10518418418.4184,0.844327925502015,-0.536,0.535826794978997
-10504704704.7047,0.860742027003944,-0.534,0.509041415750371
-10490990990.991,0.876306680043864,-0.532,0.481753674101715
-10477277277.2773,0.891006524188368,-0.53,0.453990499739547
-10463563563.5636,0.90482705246602,-0.528,0.425779291565072
-10449849849.8498,0.917754625683981,-0.526,0.397147890634781
-10436136136.1361,0.929776485888251,-0.524,0.368124552684679
-10422422422.4224,0.940880768954225,-0.522,0.338737920245291
-10408708708.7087,0.951056516295154,-0.52,0.309016994374948
-10394994994.995,0.960293685676943,-0.518,0.27899110603923
-10381281281.2813,0.968583161128631,-0.516,0.248689887164855
-10367567567.5676,0.975916761938747,-0.514,0.218143241396543
-10353853853.8539,0.982287250728689,-0.512,0.187381314585725
-10340140140.1401,0.987688340595138,-0.51,0.156434465040231
-10326426426.4264,0.992114701314478,-0.508,0.125333233564305
-10312712712.7127,0.99556196460308,-0.506,0.0941083133185141
-10298998998.999,0.998026728428272,-0.504,0.0627905195293133
-10285285285.2853,0.999506560365731,-0.502,0.0314107590781293
-10271571571.5716,1,-0.5,3.06151588455594E-16
-10257857857.8579,0.999506560365732,-0.498,-0.0314107590781278
-10244144144.1441,0.998026728428272,-0.496,-0.0627905195293136
-10230430430.4304,0.99556196460308,-0.494,-0.0941083133185144
-10216716716.7167,0.992114701314478,-0.492,-0.125333233564304
-10203003003.003,0.987688340595138,-0.49,-0.156434465040231
-10189289289.2893,0.982287250728689,-0.488,-0.187381314585725
-10175575575.5756,0.975916761938747,-0.486,-0.218143241396543
-10161861861.8619,0.968583161128631,-0.484,-0.248689887164855
-10148148148.1481,0.960293685676943,-0.482,-0.278991106039229
-10134434434.4344,0.951056516295154,-0.48,-0.309016994374947
-10120720720.7207,0.940880768954226,-0.478,-0.338737920245291
-10107007007.007,0.929776485888252,-0.476,-0.368124552684677
-10093293293.2933,0.917754625683981,-0.474,-0.39714789063478
-10079579579.5796,0.90482705246602,-0.472,-0.425779291565072
-10065865865.8659,0.891006524188368,-0.47,-0.453990499739547
-10052152152.1522,0.876306680043863,-0.468,-0.481753674101716
-10038438438.4384,0.860742027003944,-0.466,-0.509041415750371
-10024724724.7247,0.844327925502015,-0.464,-0.535826794978997
-10011011011.011,0.827080574274562,-0.462,-0.56208337785213
-9997297297.2973,0.809016994374948,-0.46,-0.587785252292473
-9983583583.58358,0.790155012375691,-0.458,-0.612907053652976
-9969869869.86987,0.77051324277579,-0.456,-0.637423989748689
-9956156156.15616,0.75011106963046,-0.454,-0.661311865323651
-9942442442.44244,0.728968627421412,-0.452,-0.684547105928688
-9928728728.72873,0.707106781186548,-0.45,-0.707106781186547
-9915015015.01501,0.684547105928688,-0.448,-0.728968627421412
-9901301301.3013,0.661311865323652,-0.446,-0.75011106963046
-9887587587.58759,0.63742398974869,-0.444,-0.770513242775789
-9873873873.87387,0.612907053652977,-0.442,-0.79015501237569
-9860160160.16016,0.587785252292473,-0.44,-0.809016994374947
-9846446446.44645,0.56208337785213,-0.438,-0.827080574274563
-9832732732.73273,0.535826794978997,-0.436,-0.844327925502015
-9819019019.01902,0.509041415750372,-0.434,-0.860742027003943
-9805305305.30531,0.481753674101716,-0.432,-0.876306680043863
-9791591591.59159,0.453990499739548,-0.43,-0.891006524188367
-9777877877.87788,0.425779291565072,-0.428,-0.90482705246602
-9764164164.16416,0.39714789063478,-0.426,-0.917754625683981
-9750450450.45045,0.368124552684678,-0.424,-0.929776485888251
-9736736736.73674,0.338737920245292,-0.422,-0.940880768954225
-9723023023.02302,0.309016994374948,-0.42,-0.951056516295153
-9709309309.30931,0.27899110603923,-0.418,-0.960293685676943
-9695595595.5956,0.248689887164854,-0.416,-0.968583161128631
-9681881881.88188,0.218143241396542,-0.414,-0.975916761938748
-9668168168.16817,0.187381314585726,-0.412,-0.982287250728689
-9654454454.45445,0.156434465040232,-0.41,-0.987688340595138
-9640740740.74074,0.125333233564306,-0.408,-0.992114701314478
-9627027027.02703,0.0941083133185141,-0.406,-0.99556196460308
-9613313313.31331,0.0627905195293134,-0.404,-0.998026728428272
-9599599599.5996,0.0314107590781285,-0.402,-0.999506560365732
-9585885885.88589,3.67381906146713E-16,-0.4,-1
-9572172172.17217,-0.0314107590781278,-0.398,-0.999506560365732
-9558458458.45846,-0.0627905195293127,-0.396,-0.998026728428272
-9544744744.74475,-0.0941083133185152,-0.394,-0.99556196460308
-9531031031.03103,-0.125333233564305,-0.392,-0.992114701314478
-9517317317.31732,-0.156434465040231,-0.39,-0.987688340595138
-9503603603.6036,-0.187381314585723,-0.388,-0.982287250728689
-9489889889.88989,-0.218143241396541,-0.386,-0.975916761938748
-9476176176.17618,-0.248689887164855,-0.384,-0.968583161128631
-9462462462.46246,-0.278991106039229,-0.382,-0.960293685676943
-9448748748.74875,-0.309016994374947,-0.38,-0.951056516295154
-9435035035.03503,-0.338737920245291,-0.378,-0.940880768954226
-9421321321.32132,-0.368124552684677,-0.376,-0.929776485888252
-9407607607.60761,-0.39714789063478,-0.374,-0.917754625683981
-9393893893.89389,-0.425779291565073,-0.372,-0.904827052466019
-9380180180.18018,-0.453990499739547,-0.37,-0.891006524188368
-9366466466.46647,-0.481753674101716,-0.368,-0.876306680043863
-9352752752.75275,-0.50904141575037,-0.366,-0.860742027003944
-9339039039.03904,-0.535826794978995,-0.364,-0.844327925502016
-9325325325.32533,-0.56208337785213,-0.362,-0.827080574274562
-9311611611.61161,-0.587785252292473,-0.36,-0.809016994374948
-9297897897.8979,-0.612907053652976,-0.358,-0.790155012375691
-9284184184.18419,-0.637423989748689,-0.356,-0.77051324277579
-9270470470.47047,-0.661311865323651,-0.354,-0.75011106963046
-9256756756.75676,-0.684547105928688,-0.352,-0.728968627421412
-9243043043.04304,-0.707106781186548,-0.35,-0.707106781186547
-9229329329.32933,-0.728968627421412,-0.348,-0.684547105928688
-9215615615.61562,-0.75011106963046,-0.346,-0.661311865323652
-9201901901.9019,-0.770513242775789,-0.344,-0.63742398974869
-9188188188.18819,-0.790155012375689,-0.342,-0.612907053652978
-9174474474.47448,-0.809016994374947,-0.34,-0.587785252292473
-9160760760.76076,-0.827080574274562,-0.338,-0.562083377852131
-9147047047.04705,-0.844327925502015,-0.336,-0.535826794978997
-9133333333.33333,-0.860742027003943,-0.334,-0.509041415750372
-9119619619.61962,-0.876306680043863,-0.332,-0.481753674101716
-9105905905.90591,-0.891006524188368,-0.33,-0.453990499739546
-9092192192.19219,-0.90482705246602,-0.328,-0.425779291565072
-9078478478.47848,-0.917754625683981,-0.326,-0.397147890634781
-9064764764.76476,-0.929776485888251,-0.324,-0.368124552684678
-9051051051.05105,-0.940880768954225,-0.322,-0.338737920245292
-9037337337.33734,-0.951056516295153,-0.32,-0.309016994374948
-9023623623.62362,-0.960293685676943,-0.318,-0.278991106039228
-9009909909.90991,-0.968583161128631,-0.316,-0.248689887164856
-8996196196.1962,-0.975916761938747,-0.314,-0.218143241396543
-8982482482.48248,-0.982287250728689,-0.312,-0.187381314585726
-8968768768.76877,-0.987688340595138,-0.31,-0.156434465040232
-8955055055.05505,-0.992114701314478,-0.308,-0.125333233564304
-8941341341.34134,-0.99556196460308,-0.306,-0.0941083133185142
-8927627627.62763,-0.998026728428272,-0.304,-0.0627905195293134
-8913913913.91391,-0.999506560365732,-0.302,-0.0314107590781285
-8900200200.2002,-1,-0.3,-4.28612223837832E-16
-8886486486.48649,-0.999506560365732,-0.298,0.0314107590781277
-8872772772.77277,-0.998026728428271,-0.296,0.0627905195293144
-8859059059.05906,-0.99556196460308,-0.294,0.0941083133185134
-8845345345.34534,-0.992114701314478,-0.292,0.125333233564303
-8831631631.63163,-0.987688340595138,-0.29,0.15643446504023
-8817917917.91792,-0.982287250728689,-0.288,0.187381314585723
-8804204204.2042,-0.975916761938747,-0.286,0.218143241396543
-8790490490.49049,-0.968583161128631,-0.284,0.248689887164855
-8776776776.77678,-0.960293685676943,-0.282,0.278991106039229
-8763063063.06306,-0.951056516295154,-0.28,0.309016994374947
-8749349349.34935,-0.940880768954226,-0.278,0.338737920245291
-8735635635.63564,-0.929776485888252,-0.276,0.368124552684677
-8721921921.92192,-0.917754625683981,-0.274,0.397147890634781
-8708208208.20821,-0.904827052466019,-0.272,0.425779291565073
-8694494494.4945,-0.891006524188368,-0.27,0.453990499739546
-8680780780.78078,-0.876306680043864,-0.268,0.481753674101714
-8667067067.06707,-0.860742027003945,-0.266,0.50904141575037
-8653353353.35335,-0.844327925502015,-0.264,0.535826794978997
-8639639639.63964,-0.827080574274562,-0.262,0.56208337785213
-8625925925.92593,-0.809016994374948,-0.26,0.587785252292473
-8612212212.21221,-0.790155012375691,-0.258,0.612907053652976
-8598498498.4985,-0.77051324277579,-0.256,0.637423989748689
-8584784784.78478,-0.75011106963046,-0.254,0.661311865323651
-8571071071.07107,-0.728968627421411,-0.252,0.684547105928689
-8557357357.35736,-0.707106781186547,-0.25,0.707106781186548
-8543643643.64364,-0.684547105928689,-0.248,0.728968627421412
-8529929929.92993,-0.661311865323653,-0.246,0.750111069630458
-8516216216.21622,-0.637423989748691,-0.244,0.770513242775788
-8502502502.5025,-0.612907053652977,-0.242,0.79015501237569
-8488788788.78879,-0.587785252292473,-0.24,0.809016994374947
-8475075075.07508,-0.562083377852131,-0.238,0.827080574274562
-8461361361.36136,-0.535826794978997,-0.236,0.844327925502015
-8447647647.64765,-0.509041415750372,-0.234,0.860742027003943
-8433933933.93393,-0.481753674101716,-0.232,0.876306680043863
-8420220220.22022,-0.453990499739546,-0.23,0.891006524188368
-8406506506.50651,-0.425779291565072,-0.228,0.90482705246602
-8392792792.79279,-0.397147890634781,-0.226,0.917754625683981
-8379079079.07908,-0.368124552684678,-0.224,0.929776485888251
-8365365365.36537,-0.338737920245293,-0.222,0.940880768954225
-8351651651.65165,-0.309016994374948,-0.22,0.951056516295153
-8337937937.93794,-0.27899110603923,-0.218,0.960293685676943
-8324224224.22422,-0.248689887164856,-0.216,0.968583161128631
-8310510510.51051,-0.218143241396544,-0.214,0.975916761938747
-8296796796.7968,-0.187381314585726,-0.212,0.982287250728689
-8283083083.08308,-0.15643446504023,-0.21,0.987688340595138
-8269369369.36937,-0.125333233564304,-0.208,0.992114701314478
-8255655655.65566,-0.0941083133185143,-0.206,0.99556196460308
-8241941941.94194,-0.0627905195293135,-0.204,0.998026728428272
-8228228228.22823,-0.0314107590781286,-0.202,0.999506560365732
-8214514514.51451,-4.89842541528951E-16,-0.2,1
-8200800800.8008,0.0314107590781276,-0.198,0.999506560365732
-8187087087.08709,0.0627905195293125,-0.196,0.998026728428272
-8173373373.37337,0.0941083133185133,-0.194,0.99556196460308
-8159659659.65966,0.125333233564303,-0.192,0.992114701314478
-8145945945.94595,0.15643446504023,-0.19,0.987688340595138
-8132232232.23223,0.187381314585725,-0.188,0.982287250728689
-8118518518.51852,0.218143241396543,-0.186,0.975916761938747
-8104804804.8048,0.248689887164855,-0.184,0.968583161128631
-8091091091.09109,0.278991106039229,-0.182,0.960293685676943
-8077377377.37738,0.309016994374947,-0.18,0.951056516295154
-8063663663.66366,0.338737920245291,-0.178,0.940880768954226
-8049949949.94995,0.368124552684679,-0.176,0.929776485888251
-8036236236.23624,0.39714789063478,-0.174,0.917754625683982
-8022522522.52252,0.425779291565072,-0.172,0.90482705246602
-8008808808.80881,0.453990499739546,-0.17,0.891006524188368
-7995095095.09509,0.481753674101714,-0.168,0.876306680043864
-7981381381.38138,0.509041415750371,-0.166,0.860742027003944
-7967667667.66767,0.535826794978996,-0.164,0.844327925502015
-7953953953.95395,0.56208337785213,-0.162,0.827080574274562
-7940240240.24024,0.587785252292473,-0.16,0.809016994374948
-7926526526.52653,0.612907053652976,-0.158,0.790155012375691
-7912812812.81281,0.637423989748689,-0.156,0.77051324277579
-7899099099.0991,0.661311865323652,-0.154,0.750111069630459
-7885385385.38539,0.684547105928689,-0.152,0.728968627421411
-7871671671.67167,0.707106781186547,-0.15,0.707106781186549
-7857957957.95796,0.72896862742141,-0.148,0.68454710592869
-7844244244.24424,0.750111069630458,-0.146,0.661311865323653
-7830530530.53053,0.770513242775789,-0.144,0.63742398974869
-7816816816.81682,0.79015501237569,-0.142,0.612907053652977
-7803103103.1031,0.809016994374947,-0.14,0.587785252292474
-7789389389.38939,0.827080574274561,-0.138,0.562083377852131
-7775675675.67568,0.844327925502015,-0.136,0.535826794978997
-7761961961.96196,0.860742027003943,-0.134,0.509041415750372
-7748248248.24825,0.876306680043864,-0.132,0.481753674101715
-7734534534.53453,0.891006524188368,-0.13,0.453990499739546
-7720820820.82082,0.90482705246602,-0.128,0.425779291565072
-7707107107.10711,0.91775462568398,-0.126,0.397147890634782
-7693393393.39339,0.929776485888251,-0.124,0.36812455268468
-7679679679.67968,0.940880768954225,-0.122,0.338737920245292
-7665965965.96597,0.951056516295153,-0.12,0.309016994374948
-7652252252.25225,0.960293685676943,-0.118,0.27899110603923
-7638538538.53854,0.968583161128631,-0.116,0.248689887164856
-7624824824.82483,0.975916761938747,-0.114,0.218143241396544
-7611111111.11111,0.982287250728689,-0.112,0.187381314585724
-7597397397.3974,0.987688340595138,-0.11,0.156434465040231
-7583683683.68368,0.992114701314478,-0.108,0.125333233564304
-7569969969.96997,0.99556196460308,-0.106,0.0941083133185143
-7556256256.25626,0.998026728428272,-0.104,0.0627905195293136
-7542542542.54254,0.999506560365731,-0.102,0.0314107590781304
-7528828828.82883,1,-0.1,5.5107285922007E-16
-7515115115.11512,0.999506560365732,-0.098,-0.0314107590781276
-7501401401.4014,0.998026728428272,-0.096,-0.0627905195293125
-7487687687.68769,0.99556196460308,-0.094,-0.0941083133185132
-7473973973.97397,0.992114701314478,-0.092,-0.125333233564303
-7460260260.26026,0.987688340595138,-0.09,-0.156434465040231
-7446546546.54655,0.982287250728689,-0.088,-0.187381314585725
-7432832832.83283,0.975916761938747,-0.086,-0.218143241396543
-7419119119.11912,0.968583161128631,-0.084,-0.248689887164855
-7405405405.40541,0.960293685676943,-0.082,-0.278991106039229
-7391691691.69169,0.951056516295154,-0.08,-0.309016994374947
-7377977977.97798,0.940880768954226,-0.078,-0.338737920245291
-7364264264.26426,0.929776485888252,-0.076,-0.368124552684677
-7350550550.55055,0.917754625683982,-0.074,-0.39714789063478
-7336836836.83684,0.90482705246602,-0.072,-0.425779291565071
-7323123123.12312,0.891006524188369,-0.07,-0.453990499739545
-7309409409.40941,0.876306680043863,-0.0679999999999999,-0.481753674101715
-7295695695.6957,0.860742027003944,-0.0659999999999999,-0.509041415750371
-7281981981.98198,0.844327925502015,-0.0639999999999999,-0.535826794978996
-7268268268.26827,0.827080574274562,-0.0620000000000001,-0.56208337785213
-7254554554.55455,0.809016994374948,-0.0600000000000001,-0.587785252292473
-7240840840.84084,0.790155012375691,-0.0580000000000001,-0.612907053652976
-7227127127.12713,0.770513242775789,-0.0560000000000001,-0.63742398974869
-7213413413.41341,0.75011106963046,-0.054,-0.661311865323651
-7199699699.6997,0.728968627421412,-0.052,-0.684547105928688
-7185985985.98599,0.707106781186549,-0.05,-0.707106781186546
-7172272272.27227,0.68454710592869,-0.048,-0.72896862742141
-7158558558.55856,0.661311865323652,-0.046,-0.750111069630459
-7144844844.84484,0.63742398974869,-0.044,-0.770513242775789
-7131131131.13113,0.612907053652977,-0.042,-0.79015501237569
-7117417417.41742,0.587785252292474,-0.04,-0.809016994374947
-7103703703.7037,0.562083377852131,-0.038,-0.827080574274561
-7089989989.98999,0.535826794978997,-0.036,-0.844327925502015
-7076276276.27628,0.509041415750371,-0.034,-0.860742027003944
-7062562562.56256,0.481753674101715,-0.032,-0.876306680043864
-7048848848.84885,0.453990499739548,-0.03,-0.891006524188367
-7035135135.13513,0.425779291565074,-0.028,-0.904827052466019
-7021421421.42142,0.397147890634782,-0.026,-0.91775462568398
-7007707707.70771,0.368124552684678,-0.024,-0.929776485888251
-6993993993.99399,0.338737920245292,-0.022,-0.940880768954225
-6980280280.28028,0.309016994374948,-0.02,-0.951056516295153
-6966566566.56657,0.27899110603923,-0.018,-0.960293685676943
-6952852852.85285,0.248689887164856,-0.016,-0.968583161128631
-6939139139.13914,0.218143241396542,-0.014,-0.975916761938748
-6925425425.42543,0.187381314585724,-0.012,-0.982287250728689
-6911711711.71171,0.156434465040231,-0.01,-0.987688340595138
-6897997997.998,0.125333233564304,-0.00800000000000001,-0.992114701314478
-6884284284.28428,0.0941083133185162,-0.00600000000000001,-0.99556196460308
-6870570570.57057,0.0627905195293154,-0.004,-0.998026728428271
-6856856856.85686,0.0314107590781287,-0.002,-0.999506560365731
-6843143143.14314,6.12303176911189E-16,0,-1
-6829429429.42943,-0.0314107590781275,0.002,-0.999506560365732
-6815715715.71572,-0.0627905195293124,0.004,-0.998026728428272
-6802002002.002,-0.0941083133185132,0.00600000000000001,-0.99556196460308
-6788288288.28829,-0.125333233564305,0.00800000000000001,-0.992114701314478
-6774574574.57457,-0.156434465040231,0.01,-0.987688340595138
-6760860860.86086,-0.187381314585725,0.012,-0.982287250728689
-6747147147.14715,-0.218143241396542,0.014,-0.975916761938747
-6733433433.43343,-0.248689887164855,0.016,-0.968583161128631
-6719719719.71972,-0.278991106039227,0.018,-0.960293685676944
-6706006006.00601,-0.309016994374949,0.02,-0.951056516295153
-6692292292.29229,-0.338737920245291,0.022,-0.940880768954226
-6678578578.57858,-0.368124552684679,0.024,-0.929776485888251
-6664864864.86487,-0.39714789063478,0.026,-0.917754625683982
-6651151151.15115,-0.425779291565073,0.028,-0.904827052466019
-6637437437.43744,-0.453990499739545,0.03,-0.891006524188369
-6623723723.72372,-0.481753674101715,0.032,-0.876306680043864
-6610010010.01001,-0.50904141575037,0.034,-0.860742027003945
-6596296296.2963,-0.535826794978996,0.036,-0.844327925502015
-6582582582.58258,-0.562083377852129,0.038,-0.827080574274563
-6568868868.86887,-0.587785252292473,0.04,-0.809016994374948
-6555155155.15516,-0.612907053652977,0.042,-0.79015501237569
-6541441441.44144,-0.637423989748689,0.044,-0.77051324277579
-6527727727.72773,-0.661311865323652,0.046,-0.750111069630459
-6514014014.01401,-0.684547105928688,0.048,-0.728968627421412
-6500300300.3003,-0.707106781186548,0.05,-0.707106781186547
-6486586586.58659,-0.72896862742141,0.052,-0.68454710592869
-6472872872.87287,-0.750111069630457,0.054,-0.661311865323655
-6459159159.15916,-0.770513242775788,0.0560000000000001,-0.637423989748691
-6445445445.44545,-0.79015501237569,0.0580000000000001,-0.612907053652977
-6431731731.73173,-0.809016994374948,0.0600000000000001,-0.587785252292472
-6418018018.01802,-0.827080574274561,0.0620000000000001,-0.562083377852131
-6404304304.3043,-0.844327925502016,0.0640000000000001,-0.535826794978996
-6390590590.59059,-0.860742027003943,0.0660000000000001,-0.509041415750372
-6376876876.87688,-0.876306680043864,0.0680000000000001,-0.481753674101715
-6363163163.16316,-0.891006524188367,0.0700000000000001,-0.453990499739548
-6349449449.44945,-0.90482705246602,0.0720000000000001,-0.425779291565073
-6335735735.73574,-0.91775462568398,0.0740000000000001,-0.397147890634782
-6322022022.02202,-0.929776485888251,0.0760000000000001,-0.368124552684678
-6308308308.30831,-0.940880768954225,0.0780000000000001,-0.338737920245294
-6294594594.5946,-0.951056516295153,0.0800000000000001,-0.309016994374948
-6280880880.88088,-0.960293685676943,0.0820000000000001,-0.278991106039228
-6267167167.16717,-0.968583161128631,0.0840000000000001,-0.248689887164856
-6253453453.45345,-0.975916761938748,0.0860000000000001,-0.218143241396542
-6239739739.73974,-0.982287250728688,0.0880000000000001,-0.187381314585726
-6226026026.02603,-0.987688340595138,0.0900000000000001,-0.156434465040231
-6212312312.31231,-0.992114701314478,0.0920000000000001,-0.125333233564306
-6198598598.5986,-0.99556196460308,0.0940000000000001,-0.0941083133185145
-6184884884.88488,-0.998026728428271,0.0960000000000001,-0.0627905195293155
-6171171171.17117,-0.999506560365731,0.0980000000000001,-0.0314107590781288
-6157457457.45746,-1,0.1,-2.44989033400256E-15
-6143743743.74374,-0.999506560365732,0.102,0.0314107590781274
-6130030030.03003,-0.998026728428272,0.104,0.0627905195293141
-6116316316.31632,-0.99556196460308,0.106,0.0941083133185131
-6102602602.6026,-0.992114701314478,0.108,0.125333233564305
-6088888888.88889,-0.987688340595138,0.11,0.156434465040229
-6075175175.17517,-0.982287250728689,0.112,0.187381314585725
-6061461461.46146,-0.975916761938748,0.114,0.218143241396541
-6047747747.74775,-0.968583161128631,0.116,0.248689887164854
-6034034034.03403,-0.960293685676944,0.118,0.278991106039227
-6020320320.32032,-0.951056516295154,0.12,0.309016994374947
-6006606606.60661,-0.940880768954226,0.122,0.338737920245289
-5992892892.89289,-0.92977648588825,0.124,0.36812455268468
-5979179179.17918,-0.917754625683981,0.126,0.397147890634781
-5965465465.46547,-0.90482705246602,0.128,0.425779291565071
-5951751751.75175,-0.891006524188368,0.13,0.453990499739547
-5938038038.03804,-0.876306680043864,0.132,0.481753674101714
-5924324324.32432,-0.860742027003944,0.134,0.509041415750371
-5910610610.61061,-0.844327925502016,0.136,0.535826794978995
-5896896896.8969,-0.827080574274562,0.138,0.56208337785213
-5883183183.18318,-0.809016994374949,0.14,0.587785252292471
-5869469469.46947,-0.790155012375691,0.142,0.612907053652976
-5855755755.75576,-0.770513242775789,0.144,0.63742398974869
-5842042042.04204,-0.750111069630458,0.146,0.661311865323654
-5828328328.32833,-0.728968627421411,0.148,0.684547105928689
-5814614614.61461,-0.707106781186549,0.15,0.707106781186546
-5800900900.9009,-0.684547105928689,0.152,0.728968627421412
-5787187187.18719,-0.661311865323653,0.154,0.750111069630458
-5773473473.47347,-0.63742398974869,0.156,0.770513242775789
-5759759759.75976,-0.612907053652978,0.158,0.790155012375689
-5746046046.04605,-0.587785252292474,0.16,0.809016994374947
-5732332332.33233,-0.562083377852133,0.162,0.82708057427456
-5718618618.61862,-0.535826794978998,0.164,0.844327925502015
-5704904904.90491,-0.509041415750371,0.166,0.860742027003944
-5691191191.19119,-0.481753674101713,0.168,0.876306680043865
-5677477477.47748,-0.453990499739547,0.17,0.891006524188368
-5663763763.76376,-0.425779291565071,0.172,0.90482705246602
-5650050050.05005,-0.397147890634781,0.174,0.917754625683981
-5636336336.33634,-0.36812455268468,0.176,0.929776485888251
-5622622622.62262,-0.338737920245292,0.178,0.940880768954225
-5608908908.90891,-0.30901699437495,0.18,0.951056516295153
-5595195195.1952,-0.27899110603923,0.182,0.960293685676943
-5581481481.48148,-0.248689887164858,0.184,0.96858316112863
-5567767767.76777,-0.218143241396544,0.186,0.975916761938747
-5554054054.05405,-0.187381314585724,0.188,0.982287250728689
-5540340340.34034,-0.156434465040229,0.19,0.987688340595138
-5526626626.62663,-0.125333233564304,0.192,0.992114701314478
-5512912912.91291,-0.0941083133185127,0.194,0.99556196460308
-5499199199.1992,-0.0627905195293137,0.196,0.998026728428272
-5485485485.48549,-0.0314107590781306,0.198,0.999506560365731
-5471771771.77177,-7.34763812293426E-16,0.2,1
-5458058058.05806,0.0314107590781256,0.202,0.999506560365732
-5444344344.34434,0.0627905195293123,0.204,0.998026728428272
-5430630630.63063,0.0941083133185113,0.206,0.99556196460308
-5416916916.91692,0.125333233564303,0.208,0.992114701314478
-5403203203.2032,0.156434465040231,0.21,0.987688340595138
-5389489489.48949,0.187381314585726,0.212,0.982287250728688
-5375775775.77578,0.218143241396542,0.214,0.975916761938747
-5362062062.06206,0.248689887164856,0.216,0.968583161128631
-5348348348.34835,0.278991106039229,0.218,0.960293685676943
-5334634634.63464,0.309016994374948,0.22,0.951056516295153
-5320920920.92092,0.338737920245291,0.222,0.940880768954226
-5307207207.20721,0.368124552684675,0.224,0.929776485888252
-5293493493.49349,0.397147890634779,0.226,0.917754625683982
-5279779779.77978,0.42577929156507,0.228,0.904827052466021
-5266066066.06607,0.453990499739545,0.23,0.891006524188369
-5252352352.35235,0.481753674101715,0.232,0.876306680043864
-5238638638.63864,0.509041415750373,0.234,0.860742027003943
-5224924924.92492,0.535826794978996,0.236,0.844327925502015
-5211211211.21121,0.562083377852132,0.238,0.827080574274561
-5197497497.4975,0.587785252292472,0.24,0.809016994374948
-5183783783.78378,0.612907053652977,0.242,0.79015501237569
-5170070070.07007,0.637423989748689,0.244,0.77051324277579
-5156356356.35636,0.66131186532365,0.246,0.750111069630462
-5142642642.64264,0.684547105928688,0.248,0.728968627421413
-5128928928.92893,0.707106781186545,0.25,0.70710678118655
-5115215215.21522,0.72896862742141,0.252,0.68454710592869
-5101501501.5015,0.750111069630459,0.254,0.661311865323652
-5087787787.78779,0.77051324277579,0.256,0.637423989748689
-5074074074.07407,0.79015501237569,0.258,0.612907053652977
-5060360360.36036,0.809016994374948,0.26,0.587785252292472
-5046646646.64665,0.827080574274561,0.262,0.562083377852131
-5032932932.93293,0.844327925502015,0.264,0.535826794978996
-5019219219.21922,0.860742027003943,0.266,0.509041415750372
-5005505505.5055,0.876306680043862,0.268,0.481753674101718
-4991791791.79179,0.891006524188367,0.27,0.453990499739548
-4978078078.07808,0.904827052466018,0.272,0.425779291565076
-4964364364.36436,0.91775462568398,0.274,0.397147890634782
-4950650650.65065,0.929776485888251,0.276,0.368124552684678
-4936936936.93694,0.940880768954226,0.278,0.33873792024529
-4923223223.22322,0.951056516295153,0.28,0.309016994374948
-4909509509.50951,0.960293685676943,0.282,0.278991106039229
-4895795795.7958,0.968583161128631,0.284,0.248689887164856
-4882082082.08208,0.975916761938748,0.286,0.218143241396542
-4868368368.36837,0.982287250728688,0.288,0.187381314585726
-4854654654.65466,0.987688340595138,0.29,0.156434465040231
-4840940940.94094,0.992114701314478,0.292,0.125333233564306
-4827227227.22723,0.99556196460308,0.294,0.0941083133185181
-4813513513.51351,0.998026728428271,0.296,0.0627905195293156
-4799799799.7998,0.999506560365731,0.298,0.0314107590781289
-4786086086.08609,1,0.3,-9.80362709415705E-16
-4772372372.37237,0.999506560365732,0.302,-0.0314107590781273
-4758658658.65866,0.998026728428272,0.304,-0.062790519529314
-4744944944.94494,0.99556196460308,0.306,-0.094108313318513
-4731231231.23123,0.992114701314478,0.308,-0.125333233564305
-4717517517.51752,0.987688340595138,0.31,-0.156434465040229
-4703803803.8038,0.982287250728689,0.312,-0.187381314585725
-4690090090.09009,0.975916761938748,0.314,-0.218143241396541
-4676376376.37638,0.968583161128632,0.316,-0.248689887164851
-4662662662.66266,0.960293685676944,0.318,-0.278991106039227
-4648948948.94895,0.951056516295154,0.32,-0.309016994374947
-4635235235.23524,0.940880768954225,0.322,-0.338737920245292
-4621521521.52152,0.929776485888252,0.324,-0.368124552684677
-4607807807.80781,0.917754625683981,0.326,-0.397147890634781
-4594094094.09409,0.90482705246602,0.328,-0.425779291565071
-4580380380.38038,0.891006524188368,0.33,-0.453990499739547
-4566666666.66667,0.876306680043864,0.332,-0.481753674101714
-4552952952.95295,0.860742027003944,0.334,-0.509041415750371
-4539239239.23924,0.844327925502016,0.336,-0.535826794978995
-4525525525.52553,0.827080574274562,0.338,-0.56208337785213
-4511811811.81181,0.809016994374947,0.34,-0.587785252292474
-4498098098.0981,0.790155012375691,0.342,-0.612907053652976
-4484384384.38438,0.770513242775789,0.344,-0.63742398974869
-4470670670.67067,0.75011106963046,0.346,-0.661311865323651
-4456956956.95696,0.728968627421411,0.348,-0.684547105928689
-4443243243.24324,0.707106781186549,0.35,-0.707106781186546
-4429529529.52953,0.684547105928689,0.352,-0.728968627421411
-4415815815.81582,0.661311865323653,0.354,-0.750111069630458
-4402102102.1021,0.63742398974869,0.356,-0.770513242775789
-4388388388.38839,0.612907053652978,0.358,-0.790155012375689
-4374674674.67468,0.587785252292474,0.36,-0.809016994374947
-4360960960.96096,0.56208337785213,0.362,-0.827080574274562
-4347247247.24725,0.535826794978995,0.364,-0.844327925502016
-4333533533.53353,0.509041415750371,0.366,-0.860742027003944
-4319819819.81982,0.481753674101717,0.368,-0.876306680043863
-4306106106.10611,0.453990499739547,0.37,-0.891006524188368
-4292392392.39239,0.425779291565074,0.372,-0.904827052466019
-4278678678.67868,0.397147890634781,0.374,-0.917754625683981
-4264964964.96497,0.36812455268468,0.376,-0.929776485888251
-4251251251.25125,0.338737920245292,0.378,-0.940880768954225
-4237537537.53754,0.30901699437495,0.38,-0.951056516295153
-4223823823.82382,0.27899110603923,0.382,-0.960293685676943
-4210110110.11011,0.248689887164854,0.384,-0.968583161128631
-4196396396.3964,0.21814324139654,0.386,-0.975916761938748
-4182682682.68268,0.187381314585724,0.388,-0.982287250728689
-4168968968.96897,0.156434465040233,0.39,-0.987688340595137
-4155255255.25525,0.125333233564304,0.392,-0.992114701314478
-4141541541.54154,0.0941083133185164,0.394,-0.99556196460308
-4127827827.82783,0.0627905195293139,0.396,-0.998026728428272
-4114114114.11411,0.0314107590781307,0.398,-0.999506560365731
-4100400400.4004,8.57224447675664E-16,0.4,-1
-4086686686.68669,-0.0314107590781255,0.402,-0.999506560365732
-4072972972.97297,-0.0627905195293122,0.404,-0.998026728428272
-4059259259.25926,-0.0941083133185147,0.406,-0.99556196460308
-4045545545.54555,-0.125333233564306,0.408,-0.992114701314478
-4031831831.83183,-0.156434465040231,0.41,-0.987688340595138
-4018118118.11812,-0.187381314585723,0.412,-0.982287250728689
-4004404404.4044,-0.218143241396542,0.414,-0.975916761938747
-3990690690.69069,-0.248689887164853,0.416,-0.968583161128632
-3976976976.97698,-0.278991106039229,0.418,-0.960293685676943
-3963263263.26326,-0.309016994374945,0.42,-0.951056516295154
-3949549549.54955,-0.33873792024529,0.422,-0.940880768954226
-3935835835.83584,-0.368124552684675,0.424,-0.929776485888252
-3922122122.12212,-0.397147890634779,0.426,-0.917754625683982
-3908408408.40841,-0.425779291565073,0.428,-0.904827052466019
-3894694694.69469,-0.453990499739548,0.43,-0.891006524188367
-3880980980.98098,-0.481753674101715,0.432,-0.876306680043864
-3867267267.26727,-0.509041415750373,0.434,-0.860742027003943
-3853553553.55355,-0.535826794978996,0.436,-0.844327925502015
-3839839839.83984,-0.562083377852129,0.438,-0.827080574274563
-3826126126.12613,-0.587785252292472,0.44,-0.809016994374948
-3812412412.41241,-0.612907053652974,0.442,-0.790155012375692
-3798698698.6987,-0.637423989748689,0.444,-0.77051324277579
-3784984984.98499,-0.661311865323649,0.446,-0.750111069630462
-3771271271.27127,-0.684547105928688,0.448,-0.728968627421413
-3757557557.55756,-0.707106781186548,0.45,-0.707106781186548
-3743843843.84384,-0.728968627421413,0.452,-0.684547105928688
-3730130130.13013,-0.750111069630459,0.454,-0.661311865323652
-3716416416.41642,-0.77051324277579,0.456,-0.637423989748689
-3702702702.7027,-0.79015501237569,0.458,-0.612907053652977
-3688988988.98899,-0.809016994374946,0.46,-0.587785252292475
-3675275275.27528,-0.827080574274561,0.462,-0.562083377852131
-3661561561.56156,-0.844327925502013,0.464,-0.535826794978999
-3647847847.84785,-0.860742027003943,0.466,-0.509041415750373
-3634134134.13413,-0.876306680043862,0.468,-0.481753674101718
-3620420420.42042,-0.891006524188367,0.47,-0.453990499739548
-3606706706.70671,-0.904827052466019,0.472,-0.425779291565073
-3592992992.99299,-0.917754625683982,0.474,-0.397147890634779
-3579279279.27928,-0.929776485888251,0.476,-0.368124552684678
-3565565565.56557,-0.940880768954226,0.478,-0.33873792024529
-3551851851.85185,-0.951056516295153,0.48,-0.309016994374948
-3538138138.13814,-0.960293685676943,0.482,-0.278991106039229
-3524424424.42443,-0.968583161128631,0.484,-0.248689887164856
-3510710710.71071,-0.975916761938747,0.486,-0.218143241396546
-3496996996.997,-0.982287250728688,0.488,-0.187381314585726
-3483283283.28328,-0.987688340595137,0.49,-0.156434465040234
-3469569569.56957,-0.992114701314478,0.492,-0.125333233564306
-3455855855.85586,-0.99556196460308,0.494,-0.0941083133185147
-3442142142.14214,-0.998026728428272,0.496,-0.0627905195293122
-3428428428.42843,-0.999506560365731,0.498,-0.031410759078129
-3414714714.71471,-1,0.5,8.57902074033468E-16
-3401001001.001,-0.999506560365732,0.502,0.0314107590781272
-3387287287.28729,-0.998026728428272,0.504,0.0627905195293139
-3373573573.57357,-0.99556196460308,0.506,0.0941083133185129
-3359859859.85986,-0.992114701314478,0.508,0.125333233564301
-3346146146.14615,-0.987688340595138,0.51,0.156434465040229
-3332432432.43243,-0.982287250728689,0.512,0.187381314585721
-3318718718.71872,-0.975916761938748,0.514,0.21814324139654
-3305005005.005,-0.968583161128631,0.516,0.248689887164854
-3291291291.29129,-0.960293685676943,0.518,0.27899110603923
-3277577577.57758,-0.951056516295154,0.52,0.309016994374947
-3263863863.86386,-0.940880768954225,0.522,0.338737920245292
-3250150150.15015,-0.929776485888252,0.524,0.368124552684677
-3236436436.43644,-0.917754625683981,0.526,0.397147890634781
-3222722722.72272,-0.90482705246602,0.528,0.425779291565071
-3209009009.00901,-0.891006524188368,0.53,0.453990499739547
-3195295295.2953,-0.876306680043865,0.532,0.481753674101713
-3181581581.58158,-0.860742027003946,0.534,0.509041415750368
-3167867867.86787,-0.844327925502016,0.536,0.535826794978995
-3154154154.15415,-0.827080574274562,0.538,0.56208337785213
-3140440440.44044,-0.809016994374947,0.54,0.587785252292474
-3126726726.72673,-0.790155012375691,0.542,0.612907053652976
-3113013013.01301,-0.770513242775789,0.544,0.63742398974869
-3099299299.2993,-0.75011106963046,0.546,0.661311865323651
-3085585585.58558,-0.728968627421411,0.548,0.684547105928689
-3071871871.87187,-0.707106781186549,0.55,0.707106781186546
-3058158158.15816,-0.684547105928689,0.552,0.728968627421411
-3044444444.44444,-0.661311865323653,0.554,0.750111069630458
-3030730730.73073,-0.637423989748693,0.556,0.770513242775787
-3017017017.01702,-0.612907053652976,0.558,0.790155012375691
-3003303303.3033,-0.587785252292474,0.56,0.809016994374947
-2989589589.58959,-0.56208337785213,0.562,0.827080574274562
-2975875875.87588,-0.535826794978998,0.564,0.844327925502014
-2962162162.16216,-0.509041415750371,0.566,0.860742027003944
-2948448448.44845,-0.481753674101717,0.568,0.876306680043863
-2934734734.73474,-0.453990499739547,0.57,0.891006524188368
-2921021021.02102,-0.425779291565074,0.572,0.904827052466019
-2907307307.30731,-0.397147890634781,0.574,0.917754625683981
-2893593593.59359,-0.36812455268468,0.576,0.929776485888251
-2879879879.87988,-0.338737920245292,0.578,0.940880768954225
-2866166166.16617,-0.309016994374947,0.58,0.951056516295154
-2852452452.45245,-0.27899110603923,0.582,0.960293685676943
-2838738738.73874,-0.248689887164854,0.584,0.968583161128631
-2825025025.02502,-0.218143241396544,0.586,0.975916761938747
-2811311311.31131,-0.187381314585725,0.588,0.982287250728689
-2797597597.5976,-0.156434465040233,0.59,0.987688340595137
-2783883883.88388,-0.125333233564305,0.592,0.992114701314478
-2770170170.17017,-0.0941083133185165,0.594,0.99556196460308
-2756456456.45646,-0.062790519529314,0.596,0.998026728428272
-2742742742.74274,-0.0314107590781309,0.598,0.999506560365731
-2729029029.02903,-9.79685083057902E-16,0.6,1
-2715315315.31532,0.0314107590781289,0.602,0.999506560365731
-2701601601.6016,0.062790519529312,0.604,0.998026728428272
-2687887887.88789,0.0941083133185146,0.606,0.99556196460308
-2674174174.17417,0.125333233564303,0.608,0.992114701314478
-2660460460.46046,0.156434465040231,0.61,0.987688340595138
-2646746746.74675,0.187381314585723,0.612,0.982287250728689
-2633033033.03303,0.218143241396542,0.614,0.975916761938748
-2619319319.31932,0.248689887164852,0.616,0.968583161128632
-2605605605.60561,0.278991106039229,0.618,0.960293685676943
-2591891891.89189,0.309016994374945,0.62,0.951056516295154
-2578178178.17818,0.33873792024529,0.622,0.940880768954226
-2564464464.46446,0.368124552684678,0.624,0.929776485888251
-2550750750.75075,0.397147890634782,0.626,0.91775462568398
-2537037037.03704,0.425779291565073,0.628,0.904827052466019
-2523323323.32332,0.453990499739545,0.63,0.891006524188369
-2509609609.60961,0.481753674101715,0.632,0.876306680043864
-2495895895.8959,0.509041415750369,0.634,0.860742027003945
-2482182182.18218,0.535826794978996,0.636,0.844327925502015
-2468468468.46847,0.562083377852128,0.638,0.827080574274563
-2454754754.75476,0.587785252292472,0.64,0.809016994374948
-2441041041.04104,0.612907053652974,0.642,0.790155012375692
-2427327327.32733,0.637423989748689,0.644,0.77051324277579
-2413613613.61361,0.661311865323652,0.646,0.750111069630459
-2399899899.8999,0.68454710592869,0.648,0.72896862742141
-2386186186.18619,0.707106781186547,0.65,0.707106781186548
-2372472472.47247,0.72896862742141,0.652,0.68454710592869
-2358758758.75876,0.750111069630459,0.654,0.661311865323652
-2345045045.04505,0.770513242775788,0.656,0.637423989748692
-2331331331.33133,0.79015501237569,0.658,0.612907053652977
-2317617617.61762,0.809016994374946,0.66,0.587785252292475
-2303903903.9039,0.827080574274561,0.662,0.562083377852132
-2290190190.19019,0.844327925502013,0.664,0.535826794978999
-2276476476.47648,0.860742027003943,0.666,0.509041415750373
-2262762762.76276,0.876306680043864,0.668,0.481753674101715
-2249049049.04905,0.891006524188369,0.67,0.453990499739545
-2235335335.33533,0.904827052466019,0.672,0.425779291565073
-2221621621.62162,0.917754625683982,0.674,0.397147890634779
-2207907907.90791,0.929776485888251,0.676,0.368124552684679
-2194194194.19419,0.940880768954225,0.678,0.338737920245294
-2180480480.48048,0.951056516295153,0.68,0.309016994374948
-2166766766.76677,0.960293685676942,0.682,0.278991106039232
-2153053053.05305,0.968583161128631,0.684,0.248689887164856
-2139339339.33934,0.975916761938747,0.686,0.218143241396546
-2125625625.62563,0.982287250728688,0.688,0.187381314585726
-2111911911.91191,0.987688340595138,0.69,0.156434465040231
-2098198198.1982,0.992114701314478,0.692,0.125333233564303
-2084484484.48448,0.99556196460308,0.694,0.0941083133185148
-2070770770.77077,0.998026728428272,0.696,0.0627905195293123
-2057057057.05706,0.999506560365731,0.698,0.0314107590781292
-2043343343.34334,1,0.7,2.81727224014927E-15
-2029629629.62963,0.999506560365732,0.702,-0.0314107590781271
-2015915915.91592,0.998026728428272,0.704,-0.0627905195293102
-2002202202.2022,0.99556196460308,0.706,-0.0941083133185127
-1988488488.48849,0.992114701314478,0.708,-0.125333233564301
-1974774774.77477,0.987688340595138,0.71,-0.156434465040229
-1961061061.06106,0.982287250728689,0.712,-0.187381314585724
-1947347347.34735,0.975916761938747,0.714,-0.218143241396544
-1933633633.63363,0.968583161128631,0.716,-0.248689887164854
-1919919919.91992,0.960293685676943,0.718,-0.27899110603923
-1906206206.20621,0.951056516295154,0.72,-0.309016994374946
-1892492492.49249,0.940880768954225,0.722,-0.338737920245292
-1878778778.77878,0.929776485888252,0.724,-0.368124552684677
-1865065065.06507,0.917754625683982,0.726,-0.397147890634778
-1851351351.35135,0.90482705246602,0.728,-0.425779291565071
-1837637637.63764,0.89100652418837,0.73,-0.453990499739543
-1823923923.92392,0.876306680043865,0.732,-0.481753674101713
-1810210210.21021,0.860742027003944,0.734,-0.509041415750371
-1796496496.4965,0.844327925502015,0.736,-0.535826794978998
-1782782782.78278,0.827080574274562,0.738,-0.56208337785213
-1769069069.06907,0.809016994374947,0.74,-0.587785252292474
-1755355355.35536,0.790155012375691,0.742,-0.612907053652975
-1741641641.64164,0.770513242775789,0.744,-0.63742398974869
-1727927927.92793,0.750111069630461,0.746,-0.661311865323651
-1714214214.21421,0.728968627421414,0.748,-0.684547105928686
-1700500500.5005,0.707106781186549,0.75,-0.707106781186546
-1686786786.78679,0.684547105928692,0.752,-0.728968627421409
-1673073073.07307,0.661311865323651,0.754,-0.75011106963046
-1659359359.35936,0.63742398974869,0.756,-0.770513242775789
-1645645645.64565,0.612907053652976,0.758,-0.790155012375691
-1631931931.93193,0.587785252292474,0.76,-0.809016994374947
-1618218218.21822,0.56208337785213,0.762,-0.827080574274562
-1604504504.50451,0.535826794978998,0.764,-0.844327925502014
-1590790790.79079,0.509041415750371,0.766,-0.860742027003944
-1577077077.07708,0.481753674101717,0.768,-0.876306680043863
-1563363363.36336,0.453990499739547,0.77,-0.891006524188368
-1549649649.64965,0.425779291565075,0.772,-0.904827052466019
-1535935935.93594,0.397147890634784,0.774,-0.917754625683979
-1522222222.22222,0.368124552684677,0.776,-0.929776485888252
-1508508508.50851,0.338737920245292,0.778,-0.940880768954225
-1494794794.79479,0.309016994374947,0.78,-0.951056516295154
-1481081081.08108,0.278991106039231,0.782,-0.960293685676943
-1467367367.36737,0.248689887164854,0.784,-0.968583161128631
-1453653653.65365,0.218143241396544,0.786,-0.975916761938747
-1439939939.93994,0.187381314585725,0.788,-0.982287250728689
-1426226226.22623,0.156434465040233,0.79,-0.987688340595137
-1412512512.51251,0.125333233564305,0.792,-0.992114701314478
-1398798798.7988,0.0941083133185167,0.794,-0.99556196460308
-1385085085.08508,0.0627905195293177,0.796,-0.998026728428271
-1371371371.37137,0.0314107590781274,0.798,-0.999506560365732
-1357657657.65766,1.10214571844014E-15,0.8,-1
-1343943943.94394,-0.0314107590781288,0.802,-0.999506560365731
-1330230230.23023,-0.0627905195293119,0.804,-0.998026728428272
-1316516516.51652,-0.0941083133185145,0.806,-0.99556196460308
-1302802802.8028,-0.125333233564302,0.808,-0.992114701314478
-1289089089.08909,-0.156434465040231,0.81,-0.987688340595138
-1275375375.37538,-0.187381314585722,0.812,-0.982287250728689
-1261661661.66166,-0.218143241396542,0.814,-0.975916761938748
-1247947947.94795,-0.248689887164852,0.816,-0.968583161128632
-1234234234.23423,-0.278991106039225,0.818,-0.960293685676944
-1220520520.52052,-0.309016994374948,0.82,-0.951056516295153
-1206806806.80681,-0.33873792024529,0.822,-0.940880768954226
-1193093093.09309,-0.368124552684678,0.824,-0.929776485888251
-1179379379.37938,-0.397147890634779,0.826,-0.917754625683982
-1165665665.66567,-0.425779291565073,0.828,-0.90482705246602
-1151951951.95195,-0.453990499739545,0.83,-0.891006524188369
-1138238238.23824,-0.481753674101715,0.832,-0.876306680043864
-1124524524.52452,-0.509041415750369,0.834,-0.860742027003945
-1110810810.81081,-0.535826794978996,0.836,-0.844327925502016
-1097097097.0971,-0.562083377852128,0.838,-0.827080574274563
-1083383383.38338,-0.587785252292472,0.84,-0.809016994374948
-1069669669.66967,-0.612907053652977,0.842,-0.79015501237569
-1055955955.95596,-0.637423989748689,0.844,-0.77051324277579
-1042242242.24224,-0.661311865323652,0.846,-0.750111069630459
-1028528528.52853,-0.684547105928687,0.848,-0.728968627421413
-1014814814.81482,-0.707106781186547,0.85,-0.707106781186548
-1001101101.1011,-0.72896862742141,0.852,-0.68454710592869
-987387387.387388,-0.750111069630459,0.854,-0.661311865323652
-973673673.673674,-0.770513242775788,0.856,-0.637423989748692
-959959959.959959,-0.79015501237569,0.858,-0.612907053652977
-946246246.246246,-0.809016994374946,0.86,-0.587785252292475
-932532532.532532,-0.827080574274561,0.862,-0.562083377852132
-918818818.818819,-0.844327925502015,0.864,-0.535826794978996
-905105105.105104,-0.860742027003945,0.866,-0.50904141575037
-891391391.391392,-0.876306680043864,0.868,-0.481753674101715
-877677677.677677,-0.891006524188367,0.87,-0.453990499739549
-863963963.963964,-0.904827052466019,0.872,-0.425779291565073
-850250250.25025,-0.91775462568398,0.874,-0.397147890634783
-836536536.536537,-0.929776485888251,0.876,-0.368124552684679
-822822822.822823,-0.940880768954225,0.878,-0.338737920245294
-809109109.10911,-0.951056516295153,0.88,-0.309016994374949
-795395395.395395,-0.960293685676942,0.882,-0.278991106039232
-781681681.681683,-0.968583161128631,0.884,-0.248689887164856
-767967967.967968,-0.975916761938747,0.886,-0.218143241396542
-754254254.254253,-0.982287250728689,0.888,-0.187381314585723
-740540540.540541,-0.987688340595138,0.89,-0.156434465040231
-726826826.826826,-0.992114701314478,0.892,-0.125333233564306
-713113113.113113,-0.99556196460308,0.894,-0.0941083133185149
-699399399.399399,-0.998026728428271,0.896,-0.062790519529316
-685685685.685686,-0.999506560365731,0.898,-0.0314107590781293
-671971971.971972,-1,0.9,-2.93973287553151E-15
-658258258.258259,-0.999506560365732,0.902,0.031410759078127
-644544544.544544,-0.998026728428272,0.904,0.0627905195293101
-630830830.830832,-0.99556196460308,0.906,0.0941083133185126
-617117117.117117,-0.992114701314478,0.908,0.125333233564304
-603403403.403404,-0.987688340595137,0.91,0.156434465040232
-589689689.68969,-0.982287250728689,0.912,0.187381314585724
-575975975.975975,-0.975916761938747,0.914,0.218143241396544
-562262262.262262,-0.968583161128631,0.916,0.248689887164854
-548548548.548548,-0.960293685676944,0.918,0.278991106039227
-534834834.834835,-0.951056516295154,0.92,0.309016994374946
-521121121.12112,-0.940880768954227,0.922,0.338737920245288
-507407407.407408,-0.929776485888252,0.924,0.368124552684677
-493693693.693693,-0.917754625683982,0.926,0.397147890634777
-479979979.97998,-0.90482705246602,0.928,0.425779291565071
-466266266.266266,-0.891006524188368,0.93,0.453990499739547
-452552552.552553,-0.876306680043863,0.932,0.481753674101716
-438838838.838839,-0.860742027003944,0.934,0.509041415750371
-425125125.125126,-0.844327925502015,0.936,0.535826794978997
-411411411.411411,-0.827080574274562,0.938,0.56208337785213
-397697697.697699,-0.809016994374949,0.94,0.587785252292471
-383983983.983984,-0.790155012375691,0.942,0.612907053652975
-370270270.270269,-0.770513242775791,0.944,0.637423989748687
-356556556.556557,-0.750111069630461,0.946,0.661311865323651
-342842842.842842,-0.728968627421414,0.948,0.684547105928686
-329129129.129129,-0.707106781186546,0.95,0.707106781186549
-315415415.415415,-0.684547105928689,0.952,0.728968627421411
-301701701.701702,-0.661311865323651,0.954,0.75011106963046
-287987987.987988,-0.63742398974869,0.956,0.770513242775789
-274274274.274275,-0.612907053652976,0.958,0.790155012375691
-260560560.56056,-0.587785252292474,0.96,0.809016994374947
-246846846.846848,-0.562083377852133,0.962,0.82708057427456
-233133133.133133,-0.535826794978998,0.964,0.844327925502014
-219419419.41942,-0.509041415750374,0.966,0.860742027003942
-205705705.705706,-0.481753674101717,0.968,0.876306680043863
-191991991.991991,-0.45399049973955,0.97,0.891006524188366
-178278278.278278,-0.425779291565071,0.972,0.90482705246602
-164564564.564564,-0.397147890634781,0.974,0.917754625683981
-150850850.850851,-0.368124552684677,0.976,0.929776485888252
-137137137.137136,-0.338737920245292,0.978,0.940880768954225
-123423423.423424,-0.309016994374947,0.98,0.951056516295154
-109709709.709709,-0.278991106039231,0.982,0.960293685676943
-95995995.9959965,-0.248689887164855,0.984,0.968583161128631
-82282282.2822819,-0.218143241396544,0.986,0.975916761938747
-68568568.5685692,-0.187381314585728,0.988,0.982287250728688
-54854854.8548546,-0.156434465040233,0.99,0.987688340595137
-41141141.1411419,-0.125333233564308,0.992,0.992114701314477
-27427427.4274273,-0.0941083133185132,0.994,0.99556196460308
-13713713.7137146,-0.0627905195293142,0.996,0.998026728428272
0,-0.0314107590781276,0.998,0.999506560365732
